{"cameraMode":{"drawMode":0,"name":"Shaded","section":"Shading Mode"},"sceneLighting":true,"audioPlay":false,"sceneViewState":{"showFog":true,"showMaterialUpdate":false,"showSkybox":true,"showFlares":true,"showImageEffects":true,"showParticleSystems":true},"in2DMode":false,"pivot":{"x":1.3327336311340333,"y":3.258068561553955,"z":0.6328974962234497},"rotation":{"x":0.025783272460103036,"y":-0.02727428823709488,"z":-0.0005927880411036313,"w":-0.9994685053825378},"size":1.313427209854126,"orthographic":false}