{"cameraMode":{"drawMode":0,"name":"Shaded","section":"Shading Mode"},"sceneLighting":true,"audioPlay":false,"sceneViewState":{"showFog":true,"showMaterialUpdate":false,"showSkybox":true,"showFlares":true,"showImageEffects":true,"showParticleSystems":true},"in2DMode":false,"pivot":{"x":-3.7771480083465578,"y":0.9371594786643982,"z":0.5288875699043274},"rotation":{"x":-0.18895578384399415,"y":0.2582022249698639,"z":-0.051537711173295978,"w":-0.9461444020271301},"size":2.811103582382202,"orthographic":false}